0;krikcaldy;;
1;dunfermline;56.0713724, -3.4616183;1
2;wareham;50.6868972, -2.1098377;1
3;leominster, hereforedshire;52.223206, -2.738751;0.81
4;clitheroe;53.8717465, -2.3926783;1
5;orkney and shetland;58.9819908, -2.9596737;0.7290000000000001
6;tower hamlets,bow and bromley;52.49162, -2.138843;0
7;glasgow, bridgeton;55.861155, -4.2501687;1
8;kin, perthshire and kinross-shire;56.206555, -3.43298;0
9;iverness;;
10;cumberland, eskdale;54.386061, -3.3129036;0.5
11;evesham, worcestershire;52.0940158, -1.9483083;1
12;poplar;51.5110713, -0.0144629;1
13;lambeth, norwood;51.42213455, -0.10798745695267944;0.9
14;surreey, kingston;;
15;fermanagh and tyrone;54.591775150000004, -7.271427147416087;0.9
16;blackpool, lancashire;53.8179442, -3.0509812;1
17;glamorganshire;51.7352168, -3.3761498;1
18;llandaff and barr, glamorganshire;52.545319, -1.901123;0
19;devon, barnstaple;51.0804057, -4.0600467;0.5
20;breconshire;52.9877138, -1.1775355;1
21;durham, sedgefield;54.7770139, -1.5756205;1
22;iverness-shire;;
23;frome;51.2309875, -2.3216982;1
24;manchester, gorton;53.4646143, -2.176838216999516;0.7290000000000001
25;peeplesshire and selkirkshire;;
26;montrose;56.7114295, -2.4681544;1
27;walsall;52.5847949, -1.9822687;1
28;glasgow, st rollox;55.8721146, -4.2336294;0.6666666666666667
29;stourbridge, worcestershire;52.4577615, -2.1474345;1
30;kent, canterbury;51.2800275, 1.0802533;0
31;lisburn;54.5112913, -6.0466736;1
32;rutland and stamfor, lincolnshire;52.655389, -0.468268;0
33;andover, hampshire;51.2078275, -1.479355;1
34;peeblesshire;55.6454616, -3.1721946;1
35;great marlow;51.586075949999994, -0.8013756797940633;1
36;helston;50.1016731, -5.273032;1
37;huntingdonshire;52.37104395, -0.22357789271655937;1
38;swansea, district;51.6576223, -3.8715324;1
39;partick, lanarkshire;55.8685425, -4.308412;0
40;rutlandshire;;
41;esex, walthamstow;;
42;kidderminster, worcestershire;52.3880787, -2.2478582;1
43;sussex, rye;50.9511871, 0.7327667;0.5
44;leyton;51.5568183, -0.0051322;1
45;radnor;51.36456775, -0.1711469014878434;1
46;stirlingshire and clackmannanshir;;
47;kent, turnbridge;51.302492, 0.585529;0
48;northamptonshire;52.3106138, -0.8659129831915817;1
49;essex;51.77046785, 0.46466977412300386;1
50;monmouthshire;51.7501058, -2.8333331;1
51;stoke-on-trent, stoke;53.0162014, -2.1812607;1
52;motherwell, lanarkshire;55.7902072, -3.9920191;0.5
53;kirkcudbrightshire;55, -4;1
54;tower hamlets, whitechapel;51.5095303, -0.075386;0.63
55;ayr;55.4628044, -4.6302502;1
56;eifion, caernarvonshire;53.106597, -4.27376;0.5103
57;surrey, reigate;51.33585, -0.66199;0.9
58;cricklade;51.6414188, -1.8579414;1
59;st pancras;51.5259149, -0.1290973;1
60;bedford, bedfordshire;52.1363806, -0.4675041;1
61;wigtownshire;54.8975188, -5.0214808;1
62;belfast north;54.617670000000004, -5.905466922187719;1
63;kincardineshire;56.925681, -2.458549;1
64;fylde, lancashire;53.79336215, -2.89426008005;0
65;darwen, lancashire;53.6960957, -2.4665093;1
66;wimbledon;51.4214787, -0.2064027;1
67;nelson and colne;53.84462805, -2.2216431082180117;0.9
68;newcasle-upon-tyne;54.989692, -1.627914;1
69;gloamorganshire;;
70;windsor, berkshire;51.4800285, -0.6125716;1
71;surrey, epsom;51.3347075, -0.268833;0.567
72;stretford, lancashire;53.445428, -2.3223051;1
73;kensington;51.4989948, -0.1991229;1
74;mossley, lancashire;53.51638545, -2.0235190148351148;1
75;abingdon;51.6714842, -1.2779715;1
76;ince, lancashire;53.2828816, -2.8250708;1
77;kent, dartford;51.4443059, 0.21807;0.567
78;cornwall, camborne;50.2138828, -5.2990347;0
79;huddersfield;53.6466645, -1.7822482;1
80;cumberland, workington;54.6415716, -3.5459287;1
81;oldham;53.5415797, -2.1147831;1
82;stoke newington;51.5578698, -0.0822482;1
83;pembrokeshire;51.8339209, -4.916667;1
84;essex, saffron walden;52.021569, 0.2411256;0.6666666666666667
85;westminster, abbey;51.4981579, -0.1319441;0.81
86;cambridge;52.2055314, 0.1186637;1
87;stafforshire;;
88;devon, torquay;50.75632, -3.23487;0.567
89;aylesbury, buckinghamshire;51.8161412, -0.8130383;1
90;cricklade, wiltshire;51.6414188, -1.8579414;1
91;tyrone county;54.6008742, -7.283036973903879;1
92;kent;51.2474823, 0.7105077;1
93;honiton;50.7981119, -3.1924599;1
94;wiltshire;51.25, -1.916667;1
95;stirling;56.1181242, -3.9360012;1
96;caithness;58.404267000000004, -3.4340269886950203;1
97;carmarthenshire;51.893669849999995, -4.217282721429928;1
98;durham, houghton-le-spring;54.839602, -1.470191;0.7142857142857143
99;cumberland;54.67842505, -3.304001955591123;1
100;kent, isle of thanet;51.3243438, 1.3314426;0.75
101;rochester, chatham;51.376518, 0.519561;0.9
102;westminster;51.4973206, -0.137149;1
103;per, perthshire and kinross-shire;56.206555, -3.43298;0
104;durham, chester-le-street;54.851235, -1.573085;0.9
105;falkirk;56.00205085, -3.749622841384784;1
106;launceston;50.6365062, -4.3604432;1
107;lichfield, staffordshire;52.6843696, -1.8275286;1
108;bermondsey;51.4970125, -0.063268;1
109;cornwall, stives;50.443348900000004, -4.62465658489158;0.5
110;huntingdon;52.3314292, -0.1847723;1
111;Western Isles, Inverness-shire and Ross and Cromarty;;
112;cumberland, egremont;54.4838316, -3.5327921;0.5
113;linlithgowshire;55.916667, -3.5;1
114;newington, walworth;51.488681, -0.090476;0
115;cornwall, penryn and falmouth;50.138951, -5.090249;0
116;merionethshire;52.79397995, -3.8749544943258853;1
117;devon, totnes;50.4322816, -3.6871525;0.5
118;great grimsby;53.5671407, -0.0788045;1
119;lambeth;51.4952111, -0.1163354;1
120;manchester, platting;53.483872149999996, -2.20408596139014;0.567
121;newcastle-under-lyme;53.0117627, -2.2273919;1
122;suffolk, eye;52.3226292, 1.1463709;0.9
123;stratford-on-avon, warwickshire;52.1927803, -1.70634;1
124;westmorland, kendal;54.3322466, -2.7401448;0.81
125;cockermouth;54.6614392, -3.3590111;1
126;new ross;51.72051, -3.2413;0.567
127;kidderminster;52.3880787, -2.2478582;1
128;loughborough, leicestershire;52.7723859, -1.2077985;1
129;somerset, yeovil;50.944553049999996, -2.6095621787951884;0.567
130;linconlnshire;;
131;bridgnorth;52.5345626, -2.4194132;1
132;buckingham;51.9983175, -0.9786725;1
133;bristol;51.4538022, -2.5972985;1
134;manchester, moss side;53.365183, -2.2720385;0.63
135;kingston upon hull;53.7435722, -0.3394758;1
136;surrey, farnham;51.2109359, -0.7937917;0.567
137;finsbury, holborn;51.526403, -0.105606;0
138;peterborough;52.5725769, -0.2427336;1
139;birmingham, yardley;52.493265, -1.937593;0.63
140;dartmouth;50.3514839, -3.583844;1
141;barnstable;51.59011705, -2.524661201066831;1
142;somerset;51.161750850000004, -3.0753867062227487;1
143;glasgow, partick;55.8699211, -4.3094365;0.5714285714285714
144;york;53.9590555, -1.0815361;1
145;hitchin, hertfordshire;51.9464129, -0.2791646;1
146;durham, durham;54.7770139, -1.5756205;1
147;southwark;51.503925, -0.1049663;1
148;malton;54.1349419, -0.7965915;1
149;liverpool, everton;53.424389, -2.966944;0.567
150;down;54.3518644, -5.961616475076931;1
151;cornwall, truro;50.2633173, -5.0518107;0.5
152;gateshead;54.9625789, -1.6019294;1
153;middlesex, harrow;51.58462, -0.329158;0.9
154;city of chester, cheshire;53.1888838, -2.8907471527256074;1
155;gatehead;55.5947682, -4.5534433;1
156;newcastle upon tyne;54.989692, -1.627914;1
157;stirlingshire;56.0701208, -3.9087351;1
158;bothwell, lanarkshire;55.8026551, -4.0676955;1
159;sussex, chichester;50.8307252, -0.7902974671537156;1
160;cashel;56.1117781, -4.5742788;1
161;high peak, derbyshire;53.3675462, -1.8528746491564894;1
162;droitwich;52.26851, -2.1486075;1
163;stoke-on-trent, burslem;53.0446287, -2.1928235;1
164;essex, chelmsford;51.54450755, 0.5840084067307691;0.81
165;fife;56.3333331, -3.0000001;1
166;edmonton;51.6267968, -0.0769118;1
167;ross, herefordshire;55.6268811, -1.7912003;1
168;birmingham, moseley;52.45323, -1.88759;0.81
169;aston manor;52.5158144, -1.872822890890502;1
170;essex, harwich;51.9445801, 1.2898522;0.5
171;denbigh, denbighshire;53.1853776, -3.4178289;1
172;arundel;50.85453835, -0.5648162995576137;1
173;sheffield, brightside;53.404212, -1.431107;0.81
174;droitwich, worcestershire;52.26851, -2.1486075;1
175;down north;51.46056, -2.82694;0.27782999999999997
176;eddisbury, cheshire;53.2198327, -2.6710783;0.9
177;shoreditch, hoxton;51.5295386, -0.0800864;0.9
178;midhurst;50.9841854, -0.74043;1
179;ramsey, huntingdonshire;51.9279381, 1.2206721;1
180;galloway;51.8291275, -0.8356277;1
181;south shields;54.9987414, -1.4321848;1
182;down county;54.33333, -5.75;0
183;newark, nottinghamshire;53.0736266, -0.8005422346357507;1
184;rossendale;53.6848806, -2.261439758907419;1
185;horsham;51.0630273, -0.3295028;1
186;tottenham;51.5976955, -0.0672892;1
187;strand;51.817725, -2.4107343;1
188;kinsale;50.43173135, -3.669584325442478;1
189;warwick and leaming, warwickshire;52.282749, -1.589157;0.25004699999999996
190;st. andrews;56.3403902, -2.7955844;1
191;chichester;50.8364862, -0.7791721;1
192;woodstock;51.8942879, -4.8765902;1
193;monmouth, monmouthshire;51.8098882, -2.7160441;1
194;devonshire;50.724140500000004, -3.6607788161410735;1
195;poplar, bow and bromley;51.5246287, -0.0123189;0
196;leeds;53.7974185, -1.5437941;1
197;surrey, guildford;51.246905, -0.589047;0.9
198;surrey, mitcham;51.3532894, -0.7189572;0.9
199;berwickshire and haddingtonshire;;
200;southwark, rotherhithe;51.49345065, -0.05787425648064475;0.81
201;evesham;52.0940158, -1.9483083;1
202;cumberland, cockermouth;54.6614392, -3.3590111;1
203;West Stirlingshire, Stirlingshire and Clackmannanshire;56.164728, -3.6715;0
204;berwickshre;;
205;dumfries;55.069836, -3.6092292;1
206;kent, dover;51.1251275, 1.3134228;0.567
207;malmesbury;51.58447, -2.0982042;1
208;belfast west;54.603533, -5.928807;0.9
209;tiverton;53.1393479, -2.6716283;1
210;cornwall, st austell;;
211;cardiff;51.4816546, -3.1791934;1
212;durham;54.666667, -1.75;1
213;montgomery;52.562033, -3.1474836;1
214;nottingham;52.9534193, -1.1496461;1
215;kesington;;
216;lichfield;52.6843696, -1.8275286;1
217;norfolk, kind's lynn;50.810381, -1.070695;0
218;tower hamlets;51.1288633, 1.2986686;1
219;tyrone mid;54.509791, -6.769187;0
220;wigan;53.5457188, -2.6264624;1
221;bewdley, worcesternshire;52.375726, -2.317408;0.5
222;fermanagh south;54.23167575, -7.536063371236445;0.567
223;neath, glamorganshire;51.66079, -3.82644;0.567
224;grantham;52.913192, -0.6438974;1
225;birmingham, erdington;52.5284461, -1.8425676;1
226;kent, medway;51.2009397, 0.3058174;0
227;kent, st augustine's;51.295329, 1.065338;0.405
228;newport;51.5882332, -2.9974967;1
229;st. albans;51.753051, -0.3379675;1
230;kingston upon thames;51.38177625, -0.27699333824284805;1
231;middlesex, hendon;51.472718, -0.323957;0.81
232;middlesex, hornsey;51.472718, -0.323957;0.81
233;chorley, lancashire;53.6531915, -2.6294313;1
234;tyrone east;51.88309315, 1.0384498;0.9
235;woolwich;51.4826696, 0.0623335;1
236;cornwall, st ives;50.2149064, -5.4795083;0.6666666666666667
237;tower hamlets, mile end;51.5253378, -0.033435;0.5
238;stroud, gloucestershire;51.745424, -2.2198605;1
239;londonderry county;54.9978678, -7.3213056;0.9
240;durham, spennymoor;54.71006545, -1.5708645164149715;0.81
241;huntingdon, huntingdonshire;52.3314292, -0.1847723;1
242;marlborough;51.4209962, -1.728952;1
243;somersetshire;51.083333, -3;1
244;broxtowe, nottinghamshire;52.970202400000005, -1.261989725119972;0.5
245;somerset, welington;50.98375, -2.70785;0.567
246;eye;52.6088657, -0.1890209;1
247;shropshire;52.65233935, -2.64356407027027;1
248;kettering, northamptonshire;52.3994233, -0.728004;1
249;lincolnshire;53.1823034, -0.2031208542548153;1
250;new forest and christc, hampshire;54.683331, -2.268323;0.25
251;bodmin;50.470725, -4.7243205;1
252;gorton, lancashire;53.4636116, -2.1750359;1
253;battersea and clapham ii;52.6235358, 1.2944737751526694;0.63
254;wandsworth, clapham;51.4702083, -0.139762;0.81
255;west ham, upton;53.620327, -1.282117;1
256;newton, lancashire;51.4854638, -3.6763391;1
257;down mid;50.8251727, -3.7845004;0.44099999999999995
258;calne;51.437977, -2.0050911;1
259;tyrone north-east;54.58333, -7;0
260;stepney, limehouse;51.5174023, -0.0462189;0.3969
261;kirkcaldy;56.1110218, -3.1582296;1
262;ealing;51.5250846, -0.3142935008138148;1
263;tower hamlets, st george;51.51667, -0.05;0.81
264;merthyr tydfil, merthyr;51.7455659, -3.3786082;1
265;walthamstow;51.5844701, -0.0188186;1
266;forfarshire;56.715141349999996, -2.890562836754113;1
267;bewdley, worcestershire;52.3754763, -2.3162408;1
268;pontefract;53.6917422, -1.3105722;1
269;newcastle under lyme;53.0117627, -2.2273919;1
270;forest-of-dean, gloucestershire;51.7996179, -2.5305841628747032;0.75
271;luton, bedfordshire;51.8784385, -0.4152837;1
272;kent, ashford;51.148555, 0.8722566;0.567
273;whitby;54.4874141, -0.6155111;1
274;cheshire;53.2141028, -2.471770086071205;1
275;rugby, warwickshire;52.3726682, -1.2620038;1
276;chippenham;51.4587621, -2.1159032;1
277;birmingham, edgbaston;52.47100415, -1.921455396432302;0.81
278;oxfordshire;51.833333, -1.25;1
279;stirlingshrie and clackmannanshir;;
280;petersfield, hampshire;51.0024945, -0.9392027;1
281;clasgow, gorbals;;
282;eccles, lancashire;55.6657728, -2.377732;1
283;beverley;53.8425488, -0.4315677;1
284;armagh mid;54.35, -6.66667;0.9
285;bedwellty, monmouthshire;51.6970601, -3.2053606;1
286;liverppol;;
287;portarlington;50.7186254, -1.8966518;1
288;hyde, cheshire;53.4508687, -2.0782603;1
289;wolverhampton;52.5847651, -2.127567;1
290;scaraborough;;
291;bandon;51.3647773, -0.13483259828506877;1
292;southwark, bermondsey;51.4978011, -0.0816432;0.9
293;buckingham, buckinghamshire;51.9983175, -0.9786725;1
294;manchester, ardwick;53.4711176, -2.2130325;0.5
295;ludlow;52.3679896, -2.7193114;1
296;west ham, silvertown;51.536422349999995, 0.008701348886019065;0.81
297;ross-shire;57.595818699999995, -4.427416695771144;1
298;glasgow, shettleston;55.861155, -4.2501687;1
299;durham, seaham;54.7770139, -1.5756205;1
300;harborough, leicestershire;52.538568850000004, -0.9200444888910031;1
301;battersea;51.4707933, -0.172214;1
302;glasgow, camlachie;;
303;essex, epping;51.6982689, 0.1102918;0.5
304;camberwell;51.4745706, -0.0925416;1
305;birminghman, edgbaston;;
306;sheffield;53.3806626, -1.4702278;1
307;glasgow, pollok;55.861155, -4.2501687;1
308;essex, romford;51.5407328, -0.0961859;0.9
309;middlesex, enfield;51.6593928, -0.1332549585379136;0.6561000000000001
310;tyrone south;54.5101423, -6.769401629332267;0.9
311;battersea and clapham i;52.6235358, 1.2944737751526694;0.63
312;denbigshire;;
313;aberdeenshire;57.166667, -2.666667;1
314;hastings;50.8553888, 0.5824703;1
315;llanelly, carmarthenshire;51.7300218, -4.3169784;0.7290000000000001
316;nort, midlothian and peeblesshire;55.835504, -3.173787;0
317;newington;55.9328287, -3.1732062;1
318;edinburghshire;;
319;bosworth, leicestershire;52.62170505, -1.4149268252673441;0.9
320;mallow;51.5062423, -0.0903798;1
321;suffolk, sudbury;52.0401524, 0.7299495;0.5
322;birmingham;52.4796992, -1.9026911;1
323;wandsworth, putney;51.457052, -0.200794;0.81
324;shoreditch;51.5266694, -0.0798926;1
325;cardiganshire;52.2945764, -3.9527809990291427;1
326;durham, barnard castle;54.5433311, -1.9269265885034277;0.6666666666666667
327;sheffield, park;54.865111, -7.0807098;1
328;herefordshire;52.083333, -2.75;1
329;denbigh;53.1853776, -3.4178289;1
330;glasgow;55.861155, -4.2501687;1
331;clackmannanshire and kinross-shir;;
332;st. ives;50.2149064, -5.4795083;1
333;liverpool, fairfield;53.4181381, -2.934096126818182;1
334;wenlock;52.5955951, -2.5578451;1
335;bermondsey, rotherhithe;51.498036, -0.0634795;0.9
336;lancashire;53.8611703, -2.5650887919475496;1
337;essex, colchester;51.54450755, 0.5840084067307691;0.81
338;thrisk;;
339;roxburghshire;55.5, -2.5;1
340;nuneaton, warwickshire;52.5246182, -1.4684488;1
341;bassetlaw, nottinghamshire;53.34945205, -0.9616604011939824;0.5
342;rye;50.9511871, 0.7327667;1
343;bury;53.5927543, -2.2972827;1
344;sussex;50.94451385000001, -0.062267328417847545;1
345;ormskirk, lancashire;53.5673603, -2.8859603;1
346;christchurch;50.734902, -1.7778853;1
347;surrey;51.2715316, -0.3414523511290909;1
348;surrey, wimbledon;51.404853, -0.304818;0.567
349;middlesex, finchley;51.472718, -0.323957;0.81
350;middlesex, brentford;51.489129, -0.307382;0.5
351;liverpool, walton;53.4516732, -2.9578365465357654;1
352;lyme regis;50.7252897, -2.934559;1
353;wolverhampton, bilston;52.5700229, -2.0822333;1
354;bootle, lancashire;53.4506931, -2.9948834;1
355;antrim south;52.59802155, 1.169656842200752;0.9
356;isle of bute;55.824188899999996, -5.08148580774648;1
357;wigton;54.8246802, -3.1610942;1
358;cardigan;52.0839973, -4.6604224;1
359;waterloo, lancashire;51.5868946, -3.1625022;1
360;shrewsbury, shropshire;52.707755, -2.7540658;1
361;sundersland;;
362;glasgow, springburn;55.861155, -4.2501687;1
363;royton, lancashire;53.5652485, -2.1236085;1
364;sheffield, hallam;51.4613945, -1.7180334;0.5
365;haddington;55.9556144, -2.779317;1
366;birmingham, king's norton;52.4508239, -1.7253357;0.63
367;perthshire;56.76615485, -3.3391095;1
368;yorkshire;53.9825271, -1.3852499932684972;1
369;crewe, cheshire;53.0996153, -2.4414627;1
370;lancaster, lancashire;54.0484068, -2.7990345;1
371;clonmel;51.4346494, -0.18495899924058473;1
372;staffordhsire, lichfield;52.681, -1.829439;0.5
373;manchester, withington;53.47741975, -2.230833394921874;0.567
374;gower, glamorganshire;51.584092, -4.103997;0.567
375;stockton-on-tees;54.564094, -1.3129164;1
376;sheffield, attercliffe;53.3825, -1.433688;0.9
377;farnworth, lancashire;53.5485989, -2.3969984;1
378;wandsworth;51.4570271, -0.1932607;1
379;morpeth;55.1675437, -1.6907444;1
380;lewisham;51.4624292, -0.0101787;1
381;leigh, lancashire;53.4960455, -2.5171495;1
382;wighan;;
383;westmorland;54.440693249999995, -2.7167995744814992;1
384;devon, honiton;50.7981119, -3.1924599;0.5
385;leominster;52.2273558, -2.7375333;1
386;ogmore, glamoranshire;51.6023, -3.54217;0.81
387;ashburton;50.526735200000005, -3.755984991182407;1
388;knutsford, cheshire;53.3025402, -2.3716001;1
389;east ham;51.5394005, 0.0526042;1
390;carow;;
391;bedfordshire;52.064003400000004, -0.41111375560310925;1
392;glasgow, college;55.860766, -4.268234;0.5
393;kent, chislehurst;51.413146, 0.065479;0.5
394;tynemouth and north shields;55.0330659, -1.4290327;0.63
395;king's lynn;52.7538673, 0.3954774;1
396;hamilton, lanarkshire;55.7759095, -4.033442;0.504
397;hornsey;51.5873645, -0.1209667;1
398;sussex, horsahm;50.864503, -0.08715;0.9
399;horncastle, lincolnshire;53.2087265, -0.1169525;1
400;liverpool, exchange;53.410374, -2.979375;0.5
401;devon, ashburton;50.5175973, -3.7560726;0.5
402;clitheroe, lancashire;53.8717465, -2.3926783;1
403;stalybridge and hyde, cheshire;53.48414, -2.05908;0.33333333333333337
404;westmorland, appleby;53.620235, -0.566291;0.5
405;denbighshire;53.1097895, -3.367128402684635;1
406;maldon;51.731198, 0.6791849;1
407;northumberland, wansbeck;55.294055, -1.637742;0.63
408;tamworth, warwickshire;52.6345819, -1.6948438;1
409;worcestershire;52.2109495, -2.156955513242221;1
410;newcastle-upon-tyne, cental;54.989692, -1.627914;0.12502349999999998
411;berwickshire;55.75, -2.5;1
412;monmouth;51.8098882, -2.7160441;1
413;willesden;51.5466216, -0.2358661;1
414;manchester, clayton;53.471419, -2.244834;0.5
415;banbury, oxfordshire;52.0601807, -1.3402795;1
416;dunbartonshire;55.933333, -4.2;1
417;liverpool, abercromby;53.410374, -2.979375;0.5
418;petersfield;51.0024945, -0.9392027;1
419;manchester, rusholme;53.471419, -2.244834;0.5
420;moray and mairnshire;57.6158, -3.57125;0
421;susex, lewes;;
422;hereford, herefordshire;52.0553813, -2.7151735;1
423;manchester, blackley;53.5242138, -2.2281266;0
424;down south;51.58412, -2.55473;0.63
425;down east;51.1311372, 0.2636186;0.9
426;tynemouth;55.0177847, -1.4256042;1
427;shoreham;50.8322307, -0.2746717;1
428;cumberland, whitehaven;54.5474199, -3.5885335;1
429;stepney, whitechapel and st georg;51.5175, -0.04292;0.19999999999999996
430;dungarvan;51.5359614, -3.1390819;1
431;totnes;50.4322816, -3.6871525;1
432;stepney, mile end;51.5174023, -0.0462189;0.15752961
433;st marylebone;51.52427, -0.1634083;0.9
434;bewdley;52.3754763, -2.3162408;1
435;edingburghshire;;
436;camberwell, peckham;51.47402, -0.0914172;0.7290000000000001
437;richmond;51.4613531, -0.3032767;1
438;abingdon, berkshire;51.6714842, -1.2779715;1
439;stafford, staffordshire;52.8063157, -2.1163818;1
440;westminster, st george's;53.381885, -1.477006;0.5
441;surrey, chertsey;51.392296, -0.5038294;0.5
442;isle of anglesey;53.27816025, -4.347871127822403;1
443;northumberland, hexham;54.971478, -2.1017927;0.5
444;armagh city;54.3478587, -6.653925109650157;1
445;winchester, hampshire;51.0612766, -1.3131692;1
446;peeb, midlothian and peeblesshire;55.835504, -3.173787;0
447;middlesbrough;54.5760419, -1.2344047;1
448;abertillery, monmouthshire;51.7299485, -3.1359867;1
449;kutsford, cheshire;;
450;prestwich, lancashire;53.5304274, -2.2960186;1
451;parts of kesteven a, lincolnshire;52.95, -0.5;0
452;tyrone north-west;54.58333, -7;0
453;devon, tiverton;50.9025623, -3.4875797;0.5
454;kinsington upon hull;53.770694, -0.32798;0.63
455;wallsend;54.9911912, -1.5342042;1
456;northallerton;54.3404812, -1.4344936;1
457;swindon, wiltshire;51.5613683, -1.7856853;1
458;west ham;51.5280966, 0.0045685;1
459;chesterfield, derbyshire;53.2352134, -1.4264097;1
460;warwickshire;52.32130635, -1.5536905536661392;1
461;glasgow, govan;55.861155, -4.2501687;1
462;hackney;51.5489139, -0.049938432352439555;1
463;hampstead;51.55653, -0.1783011;1
464;somerset, wells;51.2094511, -2.6451203;0.5
465;middlesex, acton;51.531318850000005, -0.2677642601310697;0.81
466;cornwall, bodmin;50.443348900000004, -4.62465658489158;0.5
467;bradford;53.7944229, -1.7519186;1
468;berkshire;51.453488899999996, -1.0318729593399247;1
469;birmingham, ladywood;52.4731, -1.9183;0.567
470;manchester, hulme;53.47008, -2.23908;0.567
471;merthyr tydfil, aberdare;51.7455659, -3.3786082;1
472;nottinghamshire;53.1459288, -1.0214971168122484;1
473;warwick and leamington;52.3979366, -1.5165732;0.81
474;suffolk, stowmarket;52.1878147, 0.9973428;0.5
475;roxburghshire and selkirkshire;;
476;brigg, lincolnshire;53.5525329, -0.4896411;1
477;sandwich;51.2752527, 1.3408309;1
478;bury st edmunds;52.2460367, 0.7125173;1
479;drogheda;;
480;kent, sevenoaks;51.27452185, 0.1961165562194977;0
481;essex, maldon;51.721374, 0.675301;0.9
482;antrim north;54.60167345, -5.92912240354873;0.81
483;belfast;54.596391, -5.9301829;1
484;glasgow, kelvingrove;55.8591108, -4.2872817;0.6561000000000001
485;fermanagh north;54.2533686, -7.558474921258922;0.567
486;thornbury, gloucestershire;51.6078094, -2.5254942;1
487;stamford, lincolnshire;52.6519973, -0.4804579;1
488;newcastle-upon-tyne;54.989692, -1.627914;1
489;ebbw vale, monmouthshire;51.7812925, -3.2084383;1
490;renfrewshire;55.833333, -4.5;1
491;st albans, hertfordshire;51.753051, -0.3379675;1
492;selkirkshire;55.5, -3;1
493;greenwhich;;
494;ludlow, shropshire;52.3679896, -2.7193114;1
495;tavistock;50.5496154, -4.1446358;1
496;gainsborough, lincolnshire;53.3995376, -0.7758801;1
497;isle of wight;50.67108245, -1.3328042802764226;1
498;glasgow, cathcart;55.861155, -4.2501687;1
499;liverpool, scotland;53.4249378, -2.9819971;0
500;rushcliffe, nottinghamshire;52.97160435, -1.0808814330673715;0.5
501;andover;51.2078275, -1.479355;1
502;paddington;51.5154795, -0.175365;1
503;newbury, berkshire;51.4020243, -1.3242212;1
504;wandsworth, streatham;51.4246803, -0.138774;0.81
505;haverfordwest;51.8023297, -4.9651074;1
506;tralee;56.4988957, -5.4187061;1
507;portsmouth;50.800031, -1.0906023;1
508;rhondda, glomorganshire;51.622993, -3.952891;0.9
509;suffolk, woodbridge;52.0941323, 1.3199383;1
510;carmarthen, carmarthenshire;51.8591257, -4.3115907;1
511;wycombe;51.66356185, -0.818083680966309;1
512;chesterton, cambridgeshire;52.5723806, -2.3181227;1
513;finsbury;51.521798, -0.0914245;1
514;chelsea;51.4875167, -0.1687007;1
515;wellingborough, northamptonshire;52.30189, -0.6937309;1
516;wick;58.4425516, -3.0915827;1
517;plymouth, sutton;50.393988, -4.113637;0.5
518;swansea, town;51.62079, -3.94323;0.5
519;berwick-upon-tweed;55.7692442, -2.0026472;1
520;accrington, lancashire;53.7541156, -2.3655434;1
521;peterborough, northamptonshire;52.5725769, -0.2427336;1
522;nuneatton, warwickshire;;
523;lambeth, kennington;51.4884523, -0.1092504;1
524;birmingham, handsworth;52.478308, -1.893538;0.5
525;fulham;51.4744221, -0.2060772;1
526;somerset, frome;51.2274459, -2.3099995;0.5
527;kingswinford, staffordshire;52.4967692, -2.1661721;1
528;londonderry;54.9978678, -7.3213056;1
529;pembroke and haverfordwest distri;51.8033774, -4.9685562;0
530;wilton;51.0805315, -1.8607051;1
531;dorset;50.79683685, -2.34473226124306;1
532;tyrone north;54.8253501, -7.4635216;0.7290000000000001
533;middlesex, uxbridge;51.5449509, -0.4816672;0.5
534;kilmarnock, ayrshire and bute;55.607296, -4.501386;0.3969
535;armagh north;54.94685185, -1.8428574184753144;0.9
536;rutherglen, lanarkshire;55.8283888, -4.2116533;0.5
537;cirenchester;;
538;flint;53.2492828, -3.1345262;1
539;carmarthen;51.8591257, -4.3115907;1
540;parts of lindsey, lincolnshire;52.95, -0.5;0
541;fareham, hampshire;50.8526637, -1.1783134;1
542;st george, hanover square;53.744634, -0.334045;0
543;sheffield, hillsborough;53.3806626, -1.4702278;1
544;heywood and radcliffe, lancashire;53.592634, -2.21966;0.33333333333333337
545;govan, lanarkshire;55.860048, -4.310645;0
546;plymouth, devonport;50.3785212, -4.1701007;0.5
547;edinburgh;55.9533456, -3.1883749;1
548;montgomeryshire;52.697605, -2.7453006;1
549;hawick;55.422564, -2.7866951;1
550;ashton-under-lyne;53.4865407, -2.098691;1
551;aberavon, glamorganshire;51.593815, -3.801832;0.5
552;st andrews;56.3403902, -2.7955844;1
553;birmingham, sparkbrook;52.4639671, -1.8758275;0.5
554;aberdeenshire and kincardineshire;;
555;sutherland;58.2500999, -4.5000946;1
556;armagh south;54.3477776, -6.663106641607193;1
557;hammersmith;51.4920377, -0.2236401;1
558;prtsmouth;;
559;somerset, taunton;51.018223, -3.100356;1
560;kent, faversham;51.3158434, 0.8911283;0.5
561;altrincham, cheshire;53.3839662, -2.3525463;1
562;somerset, bridgwater;51.13115255, -2.9829004220178925;0.9
563;shoreditch, haggerston;51.5390915, -0.0703107;0.9
564;thetford;52.4156001, 0.748712;1
565;ayrshire;55.5, -4.5;1
566;deptford;51.4758453, -0.0215164;1
567;rhondda;50.19383355, -5.42349135;1
568;wallingford;51.5982905, -1.1252511;1
569;breconshire and radnorshire;;
570;staffordshire;52.824694199999996, -2.0074546723348115;1
571;pontypridd, glamoranshire;51.6054091, -3.339708139981046;0.81
572;devon, tavistock;50.5496154, -4.1446358;0.5
573;down west;51.46488145, -2.6260755054180525;0
574;pontypool, monmouthshire;51.7016878, -3.0405374;1
575;st helens;53.4486075, -2.7359820790816323;1
576;sheffield, ecclesall;53.3568319, -1.513869903027171;1
577;kilmarnock;55.6100589, -4.4964652;1
578;ennis;53.338122, -2.80005;1
579;lonsdale, lancashire;54.2825758, -2.585502;1
580;beaumaris;53.2648344, -4.089759711165446;1
581;basingstoke, hampshire;51.262826, -1.0861976;1
582;cannock, staffordshire;52.688227, -2.0324197;1
583;new forest, hampshire;50.8575514, -1.5779645531133135;1
584;merthyr tydfil;51.7455659, -3.3786082;1
585;tamworth;52.6345819, -1.6948438;1
586;isle of ely;52.4101888, 0.2506969;1
587;croydon;51.3550556, -0.0643103753173489;1
588;norfold;;
589;leicester;52.6362, -1.1331969;1
590;ilkeston, derbyshire;52.9710869, -1.307171;1
591;elginshire and nairnshire;;
592;liverpool, wavertree;53.3964505, -2.9281452;0.5
593;lymington;50.7583753, -1.5426885;1
594;swansea;51.6195955, -3.9459248;1
595;cirencester and, gloucestershire;51.71708, -1.96825;0.5
596;hythe;51.0691421, 1.0841634;1
597;elgin;57.6487891, -3.3148459;1
598;marylebone;51.5232789, -0.155596;1
599;ayrshire and bute;55.4585713, -4.6292662;0.567
600;mansfield, nottinghamshire;53.1443785, -1.1964165;1
601;kent, tornbridge;51.302492, 0.585529;0
602;leek, staffordshire;53.1057636, -2.0242837;1
603;derbyshire;53.1185033, -1.5566179305872214;1
604;salisbury, wiltshire;51.0690613, -1.7954134;1
605;cumberland, penrith;54.6607482, -2.740025;1
606;caerphilly, glamorganshire;51.573583, -3.219295;0.5
607;widnes, lancashire;53.3646888, -2.7283328;1
608;wilton, wiltshire;51.0805315, -1.8607051;1
609;lanark, lanarkshire;55.6736271, -3.7780361;0.5
610;middlesex;51.546055800000005, -0.2537791389340719;1
611;rochester, gillingham;51.39759395, 0.543477996084319;0.9
612;northumberland, berwick-upon-twee;55.756146, -2.007553;0.6480000000000001
613;cornwall, lauceston;50.443348900000004, -4.62465658489158;0.5
614;banffshire;57.5, -3.083333;1
615;devon;50.724140500000004, -3.6607788161410735;1
616;leith;55.9725499, -3.1709492;1
617;birminghman;;
618;bethnal green;51.5272449, -0.054752;1
619;durham, consett;54.861762, -1.833626;0.9
620;heywood, lancashire;53.5967685, -2.2239715;1
621;forest and dean, gloucestershire;51.7764412, -2.516133;0.44099999999999995
622;harwich;51.9445801, 1.2898522;1
623;henley, oxfordshire;51.3297576, -1.5311185;1
624;hertfordshire;51.840052299999996, -0.09785519224523963;1
625;burton, staffordshire;53.1104634, -2.9615762;1
626;antrim east;54.719697, -6.216839;0.9
627;ripon;54.1362169, -1.5238006;1
628;stoke-on-trent, hanley;53.0259916, -2.1753695;0.75
629;suffolk;52.241001350000005, 1.0466830312565236;1
630;biggleswade, bedfordshire;52.0882012, -0.2589013;1
631;manchester;53.4794892, -2.2451148;1
632;caernarvon;53.1394364, -4.2769751;1
633;the wrekin, shropshire;52.67988, -2.53685;1
634;coatbridge, lanarkshire;55.8622848, -4.0273166;1
635;leominster, herefordshire;52.2273558, -2.7375333;1
636;armagh county;54.3481977, -6.6540432;0.9
637;wells;51.2094511, -2.6451203;1
638;hampshire;51.04483545, -1.2434093597173146;1
639;greenwich;51.4820845, -0.0045417;1
640;lanarkshire;55.5752966, -3.833333;1
641;cornwall;50.416667, -4.75;1
642;tower hamlets, limehouse;51.5112411, -0.031176655894780386;0.567
643;east retford;53.3233189, -0.9426596;1
644;newport, shropshire;51.5882332, -2.9974967;1
645;birmingham, deritend;52.4735217, -1.8826851;0.5
646;westbury;51.261079, -2.1836535;1
647;sheffiled, attercliffe;53.3944795, -1.4315196;0.5
648;stoke-on-trent;53.0162014, -2.1812607;1
649;dungannon;54.5039088, -6.7703622;1
650;lambeth, brixton;51.494542949999996, -0.12287979425034345;0.9
651;plymouth, drake;50.393988, -4.113637;0.5
652;cumberland, penrith and cockermou;54.609603, -3.149913;0
653;melton, leicestershire;52.8117106, -0.8592867292244459;1
654;newark-on-trent;53.0761693, -0.8092339;1
655;hertford, hertfordshire;51.7957409, -0.078521;1
656;birmingham, duddeston;52.4884888, -1.8712807;0.5
657;shaftesbury;51.0056195, -2.1955975;1
658;leicestershire;52.666667, -1;1
659;wirral, cheshire;53.3409714, -3.0500916;1
660;glasgow, maryhill;55.861155, -4.2501687;1
661;reigate;51.2376557, -0.2057067;1
662;caithness and sutherland;58.5147311, -3.4928939;0.567
663;radcliffe-cum-farnwor, lancashire;53.888754, -2.672673;0
664;warrington;53.3899497, -2.5943178;1
665;dumfriesshire;55.166667, -3.5;1
666;rochdale;53.6153659, -2.1557561;1
667;arfon, caernarvonshire;53.192284, -4.063781;0.5103
668;belper, derbyshire;53.0229029, -1.4817414;1
669;liverpool;53.3782584, -2.958688609021225;1
670;dundalk;52.658799, -2.032561;1
671;leicesterhsire, haborough;;
672;endinburghshire;;
673;durham, blaydon;54.9557596, -1.7431158;0.9
674;knaresborough;54.0099825, -1.462186;1
675;norfolk;52.666667, 1;1
676;penryn and falmouth;50.170493, -5.10379;0.9
677;durham, jarrow;54.98036, -1.48423;0.5
678;belfast south;54.603533, -5.928807;0.9
679;hemel hempstead, hertfordshire;51.7511784, -0.472528;1
680;liverpool, kirkdale;53.44047405, -2.987070459687921;1
681;radnorshire;52.4627049, -3.2561628;1
682;manchester, exchange;53.4859757, -2.2475911;1
683;belfast east;54.605322, -5.930401460730592;1
684;chatham;51.3819167, 0.526559;1
685;bridport;50.733785, -2.7589005;1
686;dumbarton;55.9432443, -4.5708479;1
687;holborn;51.5171149, -0.1200657;1
688;handsworth, staffordshire;53.3723004, -1.3830121;1
689;tewkesbury;51.9925394, -2.1560169592908442;1
690;watford, hertfordshire;51.6553875, -0.3957425;1
691;athlone;51.3597335, -0.3469947;1
692;youghal;51.5370644, -3.1396811;1
693;kent, gravesend;51.443331, 0.33218;0.81
694;wellington, shropshire;50.978376, -3.2275504;1
695;haddingtonshire;;
696;kendal;54.3289795, -2.747183;1
697;wandsworthm, balham and tooting;51.44621, -0.154467;0
698;birmingham, aston;52.5006916, -1.8841916;0.5
699;antrim;54.715139, -6.2192038;1
700;glasgow, tradeston;55.8531105, -4.262678;0.5
701;tewkesbury, gloucestershire;51.9937857, -2.1549574;1
702;chippenham, wiltshire;51.4587621, -2.1159032;1
703;camberwell, dulwich;51.4418786, -0.0843244;1
704;middlsex, spelthorne;;
705;city of london;51.5156177, -0.0919983;1
706;antrim mid;54.863793, -6.27671;0.9
707;stroud;51.745424, -2.2198605;1
708;wrexham, denbighshire;53.0465084, -2.9937869;1
709;birmingham, bordesley;52.4722127, -1.877661;0.5
710;cirencester, gloucestershire;51.7171029, -1.9661616;1
711;middlesex, ealing;51.51282, -0.3023;1
712;pembroke;51.6754422, -4.9144858;1
713;northumberland, tyneside;55.02979945, -1.5082559996141889;0.9
714;liverpool, edge hill;53.4024926, -2.9466548;0.6666666666666667
715;wokingham, berkshire;51.4120318, -0.8324037;1
716;middlesex, twickenham;51.447054, -0.332907;0.5
717;flintshire;53.216509599999995, -3.1402189049730413;1
718;great yarmouth;52.6119213, 1.7206879;1
719;middlesex, brentford and chiswick;51.49277, -0.270257;0
720;weymouth and melcombe regis;50.62057, -2.45136;0
721;woodstock, oxfordshire;51.8942879, -4.8765902;1
722;islington;51.5384287, -0.0999051;1
723;gloucestershire;51.8333313, -2.1666674;1
724;tower hamlets, stepney;51.513574, -0.042373;0.567
725;newmarket, cambridgeshire;58.2367073, -6.3932062;1
726;west ham, plaistow;51.5280966, 0.0045685;0.6666666666666667
727;caernarvonshire;53.1428925, -4.2740782;1
728;newcastle-upon-lyme;54.98017505, -1.6146802127187847;0.63
729;clay cross, derbyshire;53.1652765, -1.4132383;1
730;stirling and falkirk;56.291291, -4.452616;1
731;wycombe, buckinghamshire;51.627422, -0.7484153;0.9
732;cambridgeshire;52.333333, 0.083333;1
733;birkenhead;53.3895177, -3.0248007;1
734;fermanagh county;54.3459403, -7.644566876404299;1
735;hasting;54.883288, -1.4521818;1
736;middlesex, wood green;51.588798, -0.229632;0.63
737;stone, straffordshire;57.332026, -2.81547;0.81
738;buckinghamshire;51.840894, -0.8998073587480795;1
739;macclesfield, cheshire;53.2606635, -2.1255158;1
740;salford;53.4877463, -2.2891921;1
741;argyllshire;56.2517333, -5.2513764;1
742;rossendale, lancashire;53.6848806, -2.261439758907419;1
743;greenock;55.9473423, -4.7564721;1
744;carrickfergus;54.7136165, -5.8073112;1
745;northumberland;55.25, -2.000559;1
746;dudley;52.5110832, -2.0816813;1
747;hitchin, herfortshire;51.953184, -0.274664;0.5
748;west ham, stratford;51.539058, -0.003909;1
749;aberdeen;57.1482429, -2.0928095;1
750;glasgow, backfriars and hutcheson;;
751;kent, maidstone;51.2748258, 0.5231646;0.567
752;batley and morley;52.9780992, -0.0214482;0.567
753;glasgow, hillhead;55.879505, -4.290972;0.567
754;antrim county;54.715139, -6.2192038;0.9
755;sleaford, lincolnshire;52.99965, -0.4095586;1
756;paisley;55.8455828, -4.4239646;1
757;aldershot, hampshire;51.2494169, -0.7630148;1
758;peeblesshire and selkirkshire;;
759;devizes, wiltshire;51.3525027, -1.9958302;1
760;liskeard;50.4546303, -4.4644227;1
761;durham, bishop auckland;54.66119, -1.678765;0.9
762;middlesex, tottenham;51.472718, -0.323957;0.81
763;spalding, lincolnshire;52.787641, -0.1526475;1
764;tower hamlets, poplar;51.51667, -0.05;0.6666666666666667
765;wisbech, cabridgeshire;52.650605, 0.158108;0.567
